Rank,Major,Degree Type,Early Career Pay,Mid-Career Pay,% High Meaning
1,Petroleum Engineering,Bachelors,93200,187300,67
2,Operations Research & Industrial Engineering,Bachelors,84800,170400,28
3,Electrical Engineering & Computer Science (EECS),Bachelors,108500,159300,46
4,Interaction Design,Bachelors,68300,155800,55
5,Public Accounting,Bachelors,59800,147700,47
6,Operations Research,Bachelors,83500,147400,54
7,Applied Economics and Management,Bachelors,66100,146400,67
8,Business Computing (BC),Bachelors,73000,143600,-
9,Actuarial Mathematics,Bachelors,64300,143400,51
10,Electrical Power Engineering,Bachelors,76100,142600,68
11,Information & Computer Science,Bachelors,58600,140900,62
12,Aeronautics & Astronautics,Bachelors,77600,139600,56
13,Systems Engineering,Bachelors,77700,139200,53
14,Econometrics,Bachelors,64200,139000,35
15,Pharmacy,Bachelors,68600,138700,78
16,Aerospace Studies,Bachelors,55800,136600,-
17,Building Science,Bachelors,53800,135900,53
17,Chemical Engineering,Bachelors,76900,135900,55
19,Cognitive Science,Bachelors,68700,135200,42
20,Actuarial Science,Bachelors,67700,134400,43
21,Political Economy,Bachelors,65100,133500,29
22,Computer Systems Engineering,Bachelors,79000,133200,51
23,Electrical & Computer Engineering (ECE),Bachelors,78100,131600,49
24,Computer Science (CS) & Engineering,Bachelors,79400,131300,44
24,Marine Engineering,Bachelors,79900,131300,60
26,Aeronautical Engineering,Bachelors,74700,131100,66
27,Computer Engineering (CE),Bachelors,79000,131000,46
28,Naval Architecture & Marine Engineering,Bachelors,74400,130700,49
29,Entrepreneurship & Marketing,Bachelors,51400,129800,45
30,Corporate Accounting & Finance,Bachelors,65200,129700,55
31,Mechatronics,Bachelors,72800,129600,48
32,Nuclear Engineering,Bachelors,76400,129400,62
33,Electrical Engineering (EE),Bachelors,75600,127700,54
33,Foreign Affairs,Bachelors,54800,127700,36
35,Marine Transportation Management,Bachelors,71100,127500,-
36,Mechanical & Aeronautical Engineering,Bachelors,70900,126900,60
37,Welding Engineering,Bachelors,81000,126600,56
38,Instrumentation & Control Engineering,Bachelors,73100,126400,-
39,Computational & Applied Mathematics,Bachelors,75500,126000,45
40,Electrical & Electronics Engineering (EEE),Bachelors,74700,125800,56
41,Aerospace Engineering,Bachelors,74300,125700,55
42,Astronomy,Bachelors,66600,125400,47
42,Optical Science & Engineering,Bachelors,71000,125400,-
42,Quantitative Business Analysis,Bachelors,74000,125400,37
45,Computer Science (CS) & Mathematics,Bachelors,70500,125100,43
46,Industrial & Systems Engineering,Bachelors,73100,124800,48
47,Economics and Mathematics,Bachelors,68200,124100,35
48,Biomedical Engineering (BME),Bachelors,71300,123600,72
48,Managerial Economics,Bachelors,65200,123600,41
50,Computer Science (CS),Bachelors,75100,123400,42
50,Physics & Astronomy,Bachelors,56500,123400,36
52,Petroleum Land Management,Bachelors,59300,123100,-
52,Bioscience,Bachelors,49200,123100,-
54,Electronics & Communications Engineering,Bachelors,67400,122900,51
55,Control Engineering,Bachelors,69700,122800,61
56,Pharmacology,Bachelors,57700,122700,-
57,Business Analysis,Bachelors,63200,122300,46
58,Aeronautical Science & Engineering,Bachelors,56000,122200,50
58,Metallurgical Engineering,Bachelors,81800,122200,61
60,Engineering Science,Bachelors,67900,122100,45
61,Applied Mathematics,Bachelors,68300,122000,40
62,Chemical & Biomolecular Engineering,Bachelors,76800,121900,48
63,Materials Science,Bachelors,67100,121800,-
64,Engineering,Bachelors,69900,121700,59
65,Ocean Engineering (OE),Bachelors,69400,121400,51
66,Bioengineering (BioE),Bachelors,70900,121300,67
67,Aeronautical/Aerospace Engineering Technology,Bachelors,76900,121200,53
68,Integrated Science & Technology,Bachelors,65200,121100,56
69,Operations Management & Information Systems,Bachelors,66100,120900,38
70,Software Engineering,Bachelors,75000,120000,43
71,Physics,Bachelors,65900,119700,48
72,Quantitative Economics,Bachelors,65000,119600,43
73,Computer & Information Science,Bachelors,63600,119500,55
74,Geophysics,Bachelors,58000,119000,47
75,Accounting & Economics,Bachelors,65900,118900,44
76,Physician Assistant Studies,Bachelors,95900,118500,84
77,Mining Engineering,Bachelors,78800,118300,64
78,Construction Engineering Management,Bachelors,68800,118200,57
79,Mechanical Engineering (ME),Bachelors,71000,117600,50
80,Materials Science & Engineering,Bachelors,72700,117500,47
81,Engineering Mechanics,Bachelors,75500,117400,-
81,Industrial Engineering (IE),Bachelors,71900,117400,44
81,International Business & Finance,Bachelors,61400,117400,31
84,Accounting & Computer Systems,Bachelors,63000,117300,37
85,Business & Information Technology (IT),Bachelors,60100,116900,44
86,Applied Physics,Bachelors,67300,116500,52
87,International Economics,Bachelors,58700,116300,48
88,Business & Economics,Bachelors,59600,116200,46
89,Ceramic Engineering,Bachelors,69200,115700,-
89,Economics,Bachelors,62000,115700,41
89,Pharmaceutical Sciences (PS),Bachelors,52800,115700,69
92,Telecommunications Engineering,Bachelors,66400,115400,47
93,Information & Decision Sciences,Bachelors,65200,115200,33
93,Materials Engineering,Bachelors,72300,115200,58
93,Paper Science,Bachelors,77000,115200,39
96,Asian Studies,Bachelors,47700,115100,41
96,Structural Engineering (SE),Bachelors,67800,115100,66
98,Industrial Distribution,Bachelors,63600,115000,48
99,Management Information Systems (MIS),Bachelors,65000,114100,42
100,Electronics Engineering,Bachelors,69600,113900,66
100,Finance & Economics,Bachelors,62600,113900,42
102,Medical Science,Bachelors,52000,113800,-
102,Japanese Studies,Bachelors,51500,113800,21
102,Automotive Engineering,Bachelors,67300,113800,48
105,Information Management,Bachelors,64300,112800,38
106,Management Science,Bachelors,64600,112700,43
106,Mechanical,Bachelors,70200,112700,54
108,Construction Engineering,Bachelors,67300,112500,59
109,Finance & Investments,Bachelors,64100,112400,44
109,Mathematics & Statistics,Bachelors,63100,112400,43
111,Information Systems Management,Bachelors,59200,112300,49
112,Construction Project Management,Bachelors,61100,112200,58
112,Engineering Management,Bachelors,69000,112200,57
112,Packaging Science,Bachelors,70000,112200,35
115,Industrial Engineering & Management,Bachelors,68300,112000,55
116,Engineering Physics,Bachelors,70500,111800,50
117,Energy Management,Bachelors,72300,111700,71
118,Aeronautical Science,Bachelors,57700,111600,57
119,Government,Bachelors,55100,111200,47
120,Software Applications & Programming,Bachelors,59300,110800,45
121,Astrophysics,Bachelors,69300,110700,64
122,Bioenvironmental Science,Bachelors,47700,110500,-
123,Japanese Language,Bachelors,53300,110300,42
124,Business Economics,Bachelors,58400,110200,43
124,Finance & Real Estate,Bachelors,63000,110200,44
126,Manufacturing Engineering,Bachelors,69300,110000,47
127,Atmospheric Science,Bachelors,48700,109900,55
128,Cybersecurity,Bachelors,65600,109800,55
129,Information Security & Assurance,Bachelors,61400,109300,47
130,Medicine,Bachelors,60600,109200,92
131,Civil Engineering (CE),Bachelors,65000,109000,65
132,Environmental Health & Safety Management,Bachelors,61100,108800,61
133,Mathematics,Bachelors,63500,108700,45
134,Applied Economics,Bachelors,61400,108600,38
135,Construction Science,Bachelors,67400,108500,63
135,Political Communication,Bachelors,48800,108500,55
137,Marketing & International Business,Bachelors,52500,108400,34
137,Software Development,Bachelors,65500,108400,45
139,Biochemistry & Molecular Biology,Bachelors,53900,108100,71
140,Computing,Bachelors,63500,108000,53
140,Construction Management,Bachelors,63200,108000,58
142,Accounting & Taxation,Bachelors,55600,107800,41
142,Building Construction (BC),Bachelors,67200,107800,52
142,International & Comparative Politics,Bachelors,45700,107800,53
145,Civil & Environmental Engineering,Bachelors,65300,107500,67
146,Business Information Systems,Bachelors,65000,107400,43
147,Financial Economics,Bachelors,63300,107200,41
147,Sales & Business Marketing,Bachelors,55900,107200,51
149,Plastics Engineering,Bachelors,68400,107100,58
150,Information Technology Management,Bachelors,63400,107000,48
151,Polymer Science & Engineering,Bachelors,74500,106900,-
152,Informatics,Bachelors,70300,106800,42
153,Computer Management Information Systems (CMIS),Bachelors,55700,106600,47
153,Information Systems (IS),Bachelors,63900,106600,44
155,Agricultural Economics,Bachelors,55600,106300,58
156,Data Processing,Bachelors,65600,106200,45
157,European Studies,Bachelors,47500,106100,46
158,Biosystems Engineering,Bachelors,64700,106000,74
158,Nuclear Engineering Technology (NET),Bachelors,83500,106000,62
160,Economics & Political Science,Bachelors,57100,105700,47
160,Global & International Studies,Bachelors,50000,105700,46
162,Organic Chemistry,Bachelors,44500,105600,-
163,Industrial Hygiene,Bachelors,58600,105500,55
163,Safety Science,Bachelors,62400,105500,-
165,Commerce,Bachelors,66800,105400,40
165,Rhetoric,Bachelors,51600,105400,44
167,Business Computer Information Systems (BCIS),Bachelors,64000,105300,40
168,Finance,Bachelors,60200,105200,42
169,Plastics Engineering Technology,Bachelors,66900,105100,28
170,Molecular Biology,Bachelors,54100,105000,67
171,Environmental Engineering,Bachelors,62600,104800,62
171,International Management,Bachelors,54100,104800,51
173,Computer Information Systems,Bachelors,59400,104700,42
174,Corporate Finance,Bachelors,63600,104300,43
175,Genetics,Bachelors,52200,104100,72
175,International Business,Bachelors,55300,104100,39
177,Agricultural Engineering (AE),Bachelors,63100,104000,63
178,Consumer Economics,Bachelors,53700,103800,40
179,Finance & Marketing,Bachelors,56800,103700,46
180,Computer Information Systems (CIS),Bachelors,60500,103500,47
181,Business Finance,Bachelors,57200,103300,42
182,Psychobiology,Bachelors,49600,103100,65
182,Strategic Management,Bachelors,66200,103100,47
182,Construction Trades,Bachelors,61900,103100,48
185,Operations Management (OM),Bachelors,61500,103000,45
186,Entrepreneurship & Leadership,Bachelors,57100,102900,43
187,Electrical Engineering Technology (EET),Bachelors,66300,102800,47
188,Computer Science & Information Technology,Bachelors,66000,102700,50
188,Food Marketing,Bachelors,56300,102700,24
190,International Marketing,Bachelors,59000,102600,22
190,Network Engineering,Bachelors,60700,102600,55
192,Building Construction Management,Bachelors,61300,102400,63
193,Engineering Technology (ET),Bachelors,58400,102300,47
194,International Relations,Bachelors,52800,102200,49
194,Management & Finance,Bachelors,56800,102200,59
194,Information Security,Bachelors,66400,102200,48
197,Business Operations,Bachelors,63500,102100,-
198,Industrial Management,Bachelors,57800,102000,53
199,Architectural Engineering,Bachelors,65000,101900,58
199,Hotel Administration,Bachelors,64900,101900,35
201,Manufacturing,Bachelors,57600,101500,48
202,Agricultural Economics & Business,Bachelors,54900,101400,56
203,Web Development,Bachelors,56400,101300,46
204,Aviation,Bachelors,54000,101200,48
204,Telecommunications Management,Bachelors,55000,101200,42
206,Property Management,Bachelors,55200,101000,47
207,Comparative Literature,Bachelors,48100,100900,46
208,Construction Science & Management,Bachelors,64700,100800,71
209,Biotechnology,Bachelors,53100,100700,59
210,Industrial & Labor Relations,Bachelors,69800,100600,44
210,Real Estate,Bachelors,59900,100600,36
212,Mechanical Engineering Technology (MET),Bachelors,64200,100400,48
213,Labor Relations,Bachelors,53000,100300,41
214,Electronics,Bachelors,57500,100200,63
215,Biochemistry (BCH),Bachelors,50400,99900,62
215,Politics,Bachelors,53000,99900,51
217,Accounting & Auditing,Bachelors,57800,99800,45
218,Chinese Language,Bachelors,54200,99600,43
219,Information Science (IS),Bachelors,66300,99500,36
220,East Asian Studies,Bachelors,49800,99400,42
221,Accounting & Finance,Bachelors,59200,99300,45
221,Network Security,Bachelors,62300,99300,50
223,Information Technology (IT),Bachelors,59100,99200,46
224,Aviation Management,Bachelors,50900,99100,58
224,Occupational Health and Safety,Bachelors,59900,99100,69
226,Agribusiness,Bachelors,50700,98900,53
226,Business & Marketing,Bachelors,51000,98900,45
226,Computer Engineering Technology (CET),Bachelors,63000,98900,47
229,Computer Security,Bachelors,68100,98700,43
230,Operations & Supply Chain Management,Bachelors,61300,98600,45
231,Entomology,Bachelors,45900,98500,-
232,Music Production & Engineering,Bachelors,43100,98400,43
232,Industrial Engineering Technology,Bachelors,67200,98400,53
234,Logistics & Supply Chain Management,Bachelors,59000,98300,47
234,Supply Chain Management,Bachelors,61700,98300,41
234,Accounts,Bachelors,59800,98300,44
237,Economics & Management,Bachelors,54400,98200,-
237,Environmental Policy Analysis & Planning,Bachelors,51000,98200,65
237,Physical Therapy,Bachelors,55500,98200,88
240,European History,Bachelors,52300,98000,47
240,Robotics & Automation,Bachelors,66100,98000,63
242,Geological Engineering,Bachelors,61700,97900,54
242,Manufacturing Technology,Bachelors,59900,97900,46
244,Chemistry,Bachelors,51600,97500,55
245,Business Logistics & Transportation,Bachelors,56400,97400,44
246,Food Science & Technology,Bachelors,53100,97300,49
247,City & Regional Planning,Bachelors,51800,97200,70
247,Civil Engineering Technology (CET),Bachelors,58300,97200,60
249,Electronics Engineering Technology (EET),Bachelors,64300,97100,50
249,English & Psychology,Bachelors,42600,97100,-
249,Finance & Banking,Bachelors,55300,97100,47
249,Mechanical Design,Bachelors,60900,97100,45
253,Applied Technology,Bachelors,55500,97000,62
254,Marketing & Management,Bachelors,50000,96900,45
255,Technical & Scientific Communication,Bachelors,50700,96800,37
256,Financial Planning,Bachelors,54000,96600,63
256,Organizational Behavior,Bachelors,57000,96600,51
256,Marketing,Bachelors,51700,96600,40
259,Dairy Science,Bachelors,51200,96200,68
259,Project Management,Bachelors,56800,96200,58
261,Government & International Politics (GVIP),Bachelors,51300,96100,49
261,Latin American Studies,Bachelors,46700,96100,62
263,Industrial Design (ID),Bachelors,55100,95900,41
263,Web Design & Development,Bachelors,53100,95900,44
265,Computing & Information Systems (CIS),Bachelors,58100,95800,40
265,Electromechanical Engineering,Bachelors,70500,95800,55
265,Industrial Technology (IT),Bachelors,62200,95800,50
265,Information Technology (IT) & Systems,Bachelors,61100,95800,47
269,Biopsychology,Bachelors,53300,95700,74
269,Government & Politics,Bachelors,52400,95700,51
271,Microbiology & Immunology,Bachelors,54900,95400,68
271,Chemistry & Environmental Science,Bachelors,48200,95400,-
273,Interactive Media Design,Bachelors,54000,95300,38
273,Risk Management,Bachelors,58500,95300,42
275,Cell Biology,Bachelors,50100,95200,59
276,Aeronautics,Bachelors,62800,95100,64
277,Welding Engineering Technology,Bachelors,74700,95000,42
278,Finance & Management Information Systems,Bachelors,63900,94800,-
279,Computer Science (CS) & Business,Bachelors,81100,94600,28
280,Environmental Science & Policy,Bachelors,49500,94500,59
280,Marketing & Communications,Bachelors,49600,94500,45
280,Safety Management,Bachelors,60100,94500,70
283,Business Technology Management,Bachelors,57400,94400,42
283,Computer Networking Systems,Bachelors,55600,94400,49
285,Biomedical Sciences,Bachelors,43600,94300,70
285,Philosophy,Bachelors,52600,94300,41
285,Sales & Marketing,Bachelors,52700,94300,48
285,Manufacturing Engineering Technology,Bachelors,66000,94300,49
289,Environmental Health & Safety,Bachelors,57600,94200,68
290,Organizational Psychology,Bachelors,51200,94100,50
291,Industrial Psychology,Bachelors,50000,94000,50
291,Political Science,Bachelors,50700,94000,47
291,Real Estate Development,Bachelors,57100,94000,-
294,Social Ecology,Bachelors,49000,93700,-
295,Risk Management & Insurance,Bachelors,59500,93600,46
296,Radiation Therapy,Bachelors,68400,93400,90
297,French Literature,Bachelors,46400,93300,50
297,Occupational Therapy (OT),Bachelors,54100,93300,88
299,Advertising,Bachelors,47200,93200,32
300,Accounting,Bachelors,54800,93100,42
301,Geology,Bachelors,50400,93000,54
301,Strategic Communication,Bachelors,47100,93000,42
301,Transportation & Logistics Management,Bachelors,57600,93000,48
304,Financial Accounting,Bachelors,56100,92900,51
305,Cell & Molecular Biology,Bachelors,51900,92800,68
305,Industrial Safety,Bachelors,55200,92800,78
305,Insurance,Bachelors,56000,92800,43
305,Manufacturing Management,Bachelors,64000,92800,49
305,Networks & Telecommunications,Bachelors,54300,92800,56
310,Labor Studies,Bachelors,46600,92600,49
310,Digital Media Design,Bachelors,46700,92600,31
310,Advertising & Marketing Communications,Bachelors,48300,92600,36
313,Cinema Studies,Bachelors,47900,92500,33
313,Electronic & Computer Technology,Bachelors,63800,92500,58
313,Marketing Communication,Bachelors,45700,92500,39
316,Construction Technology,Bachelors,59100,92400,-
317,Architecture,Bachelors,51000,92300,53
318,Applied Statistics,Bachelors,65900,92200,47
319,Biological Sciences,Bachelors,49300,92100,66
319,Food Science,Bachelors,52500,92100,51
319,Urban & Regional Planning,Bachelors,51800,92100,60
322,Marketing Management,Bachelors,51300,92000,42
323,Computer & Network Administration,Bachelors,56800,91900,47
324,Applied Computer Science,Bachelors,66100,91800,44
325,Sales,Bachelors,61500,91600,44
326,Environmental Design,Bachelors,47700,91400,55
326,Hotel Management,Bachelors,49100,91400,44
328,Advertising Design,Bachelors,52700,91300,28
328,Digital Arts,Bachelors,45600,91300,35
328,Financial Management,Bachelors,54300,91300,54
331,Electronic Systems Technology (EST),Bachelors,81000,91200,-
332,Italian Language,Bachelors,51400,91100,43
333,German Studies,Bachelors,50000,91000,42
334,Quality Management,Bachelors,57400,90800,60
335,Microbiology,Bachelors,48400,90300,68
335,Entrepreneurship,Bachelors,54800,90300,47
337,Interactive Media,Bachelors,52700,90200,35
337,Global Business Management,Bachelors,55900,90200,52
337,Network Systems Administration,Bachelors,57900,90200,50
337,Police Science,Bachelors,55400,90200,-
341,Hydrology,Bachelors,48700,90100,-
342,Business Data Analysis,Bachelors,64700,90000,36
342,Database Management,Bachelors,65900,90000,-
342,Spanish Literature,Bachelors,51100,90000,50
345,Business Technology,Bachelors,52800,89900,42
346,Business Management & Marketing,Bachelors,48900,89800,48
347,Technical Management,Bachelors,64400,89700,62
348,Human Biology,Bachelors,51100,89600,70
349,Meteorology,Bachelors,46200,89500,57
350,Computer Graphics Technology (CGT),Bachelors,49000,89200,40
350,Urban Planning,Bachelors,50500,89200,53
352,Aviation Technology,Bachelors,58100,89100,49
352,Environmental Health,Bachelors,50000,89100,65
354,Agricultural Science,Bachelors,48900,88900,59
354,Agronomy,Bachelors,50200,88900,65
354,International Studies,Bachelors,50000,88900,51
357,Design,Bachelors,52800,88800,40
358,Applied Science,Bachelors,46400,88700,-
358,Architectural Engineering Technology,Bachelors,52200,88700,59
358,German Language,Bachelors,50700,88700,41
361,Technology,Bachelors,56200,88600,64
362,Advertising & Promotion,Bachelors,46100,88500,46
363,Pre-law,Bachelors,46800,88400,45
364,Digital Media,Bachelors,47300,88200,38
365,Biological Anthropology,Bachelors,46200,88100,49
365,Personal Financial Planning,Bachelors,53800,88100,60
367,Professional Pilot Education,Bachelors,63700,88000,-
367,Textile Technology,Bachelors,54000,88000,42
367,Web & Digital Media Development,Bachelors,52300,88000,33
370,Entrepreneurial Studies,Bachelors,48700,87900,37
371,Fashion Design,Bachelors,47500,87700,27
372,Retailing,Bachelors,51300,87600,35
373,Business Communication,Bachelors,50900,87300,47
373,Environmental Science,Bachelors,49100,87300,59
375,Product Design Engineering,Bachelors,65500,87200,35
376,English Literature,Bachelors,47700,87000,45
376,Logistics,Bachelors,57600,87000,41
378,Math & Science,Bachelors,55600,86900,66
379,International Trade & Business,Bachelors,54800,86800,27
379,Pre-Medicine,Bachelors,50800,86800,67
379,Speech & Drama,Bachelors,37500,86800,-
379,Toxicology,Bachelors,44600,86800,-
383,Advertising & Marketing,Bachelors,49000,86700,38
383,Geographic Information Systems (GIS) & Spatial Analysis,Bachelors,54000,86700,57
383,Marketing & Mass Communications,Bachelors,45400,86700,41
383,Welding Technology,Bachelors,48400,86700,-
387,General Business,Bachelors,50200,86600,51
388,Construction Engineering Technology,Bachelors,55800,86400,53
388,Architectural Studies,Bachelors,45400,86400,42
390,Aviation Maintenance Technology,Bachelors,51000,86300,60
391,Communication Studies & Journalism,Bachelors,44800,86200,47
391,Management,Bachelors,51600,86200,48
393,General Science,Bachelors,49100,86100,60
393,Magazine Journalism,Bachelors,46800,86100,32
395,Electronics & Computer Technology,Bachelors,55600,86000,-
395,Theatre & Drama Studies,Bachelors,44800,86000,49
397,Animation,Bachelors,45000,85900,35
397,Biology & Chemistry,Bachelors,49200,85900,66
397,Diagnostic Medical Ultrasound,Bachelors,67700,85900,67
397,History & Politics,Bachelors,49500,85900,51
397,Public Affairs,Bachelors,52700,85900,50
397,Romance Languages,Bachelors,53000,85900,53
397,Physiology,Bachelors,49300,85900,63
404,Corporate Communications,Bachelors,48500,85700,42
404,International Affairs,Bachelors,51600,85700,52
404,Nursing Science,Bachelors,66800,85700,84
404,Organizational Development,Bachelors,53800,85700,54
404,Textile & Apparel Studies,Bachelors,47100,85700,30
409,Business Administration,Bachelors,52800,85600,50
409,Business Administration & Accounting,Bachelors,52400,85600,55
409,Philosophy & Religion,Bachelors,43800,85600,55
412,Architectural Design,Bachelors,47700,85400,60
413,Textile Design,Bachelors,50000,85200,43
413,Interpersonal & Organizational Communication,Bachelors,42400,85200,56
415,Geographic Information Systems (GIS),Bachelors,50000,85100,52
416,Business Management,Bachelors,51700,85000,51
417,Linguistics,Bachelors,52100,84900,43
418,French Language,Bachelors,49600,84800,47
419,Communication,Bachelors,48000,84700,45
419,Neuroscience,Bachelors,51800,84700,58
421,Business Management & Human Resources Management (HRM),Bachelors,46800,84600,57
421,Journalism & Mass Communication,Bachelors,46300,84600,44
423,Accounting & Management,Bachelors,55500,84500,52
424,Sociology & Organizational Studies,Bachelors,53500,84300,57
425,Crop Science,Bachelors,48700,84200,60
425,French Studies,Bachelors,52400,84200,57
425,Writing,Bachelors,44200,84200,42
425,Nursing,Bachelors,65000,84200,83
429,History,Bachelors,47800,84100,46
430,Biology,Bachelors,47100,84000,65
430,Land Surveying,Bachelors,51900,84000,54
432,Architectural Technology,Bachelors,46700,83900,61
432,Health Care,Bachelors,44400,83900,74
432,Integrated Marketing Communications,Bachelors,47000,83900,36
435,Agriculture,Bachelors,47700,83800,61
436,Digital Design,Bachelors,50000,83600,40
436,Marketing & Advertising,Bachelors,49300,83600,44
436,Organizational Communication,Bachelors,46400,83600,49
439,Visual Effects & Motion Graphics,Bachelors,48100,83400,38
440,Public Relations & Communication,Bachelors,45700,83300,47
440,General & Strategic Management,Bachelors,51200,83300,55
442,Foreign Languages,Bachelors,48400,83100,52
442,Retail Merchandising,Bachelors,50900,83100,31
444,Agribusiness Management,Bachelors,47700,83000,46
444,Global Business,Bachelors,55800,83000,31
444,Professional & Technical Writing,Bachelors,48500,83000,44
447,Computer Art,Bachelors,40400,82900,31
447,Environmental Management,Bachelors,50200,82900,62
447,Environmental Studies,Bachelors,48500,82900,59
447,Journalism,Bachelors,45900,82900,44
447,Travel Industry Management,Bachelors,52600,82900,-
452,International Development Studies,Bachelors,47700,82800,64
452,Natural Sciences,Bachelors,45100,82800,55
452,Retail & Consumer Science,Bachelors,51800,82800,32
452,Literature,Bachelors,46800,82800,47
456,Bachelor in Science Nursing,Bachelors,64000,82700,81
456,History & Political Science,Bachelors,50600,82700,50
456,Museum Studies,Bachelors,38900,82700,50
459,Computer Information Management,Bachelors,49400,82600,-
459,Dental Hygiene,Bachelors,72700,82600,80
459,Law,Bachelors,54300,82600,53
459,Network Technology,Bachelors,59800,82600,57
463,Media Studies,Bachelors,50700,82400,38
464,Environmental Geography,Bachelors,50200,82300,52
465,Law Enforcement,Bachelors,46700,82200,60
466,Nuclear Medicine,Bachelors,60300,81900,81
466,Bachelor of Science in Nursing,Bachelors,63800,81900,83
468,Computer Animation,Bachelors,46800,81800,36
468,Landscape Architecture,Bachelors,51500,81800,65
468,Publishing,Bachelors,46300,81800,39
471,Interior Architecture,Bachelors,47600,81500,45
472,Diagnostic Medical Sonography,Bachelors,64300,81400,86
472,Environmental & Natural Resource Economics,Bachelors,52400,81400,65
472,Public Relations (PR),Bachelors,45600,81400,42
472,Workforce Education & Development,Bachelors,59900,81400,80
476,American History (United States),Bachelors,50900,81300,52
477,Drama,Bachelors,47400,81100,47
478,Management (MGT),Bachelors,47000,81000,62
479,Merchandising Management,Bachelors,46800,80900,38
480,Environmental Biology,Bachelors,45000,80800,70
481,Accounting & Business,Bachelors,52400,80700,48
482,Automotive Technology & Service Management,Bachelors,48800,80500,32
482,Speech Communication,Bachelors,46700,80500,54
484,Allied Health,Bachelors,44800,80400,78
485,Agricultural Systems Technology,Bachelors,60500,80300,-
485,Emergency Management,Bachelors,50900,80300,80
485,Network Administration,Bachelors,48700,80300,56
488,Communication Management,Bachelors,46000,80200,38
489,Historic Preservation,Bachelors,43400,80000,-
490,Broadcast Journalism,Bachelors,42900,79900,50
490,Broadcast & Cinematic Arts,Bachelors,42800,79900,43
492,Automotive Technology,Bachelors,48100,79800,47
492,Business Management & Administration,Bachelors,51400,79800,53
494,Agricultural Business,Bachelors,52700,79700,51
494,Technology Management,Bachelors,56400,79700,47
496,Global Studies,Bachelors,51200,79600,46
496,Professional Studies,Bachelors,42800,79600,62
498,Interpersonal Communications,Bachelors,45000,79500,53
499,Forestry,Bachelors,45900,79400,67
499,Homeland Security,Bachelors,49200,79400,72
501,Ancient History,Bachelors,46000,79300,-
501,Botany,Bachelors,42600,79300,73
501,Geography,Bachelors,49700,79300,52
504,Computer Aided Design (CAD),Bachelors,48700,79200,-
504,Nutrition Science,Bachelors,49500,79200,70
506,Acting,Bachelors,44200,79100,50
506,Public Management,Bachelors,50200,79100,66
508,Nuclear Medicine Technology,Bachelors,61700,79000,82
509,Apparel & Textile Manufacture,Bachelors,48300,78900,37
509,English Language & Literature,Bachelors,46400,78900,44
509,Urban Studies,Bachelors,51500,78900,57
512,Mass Communication,Bachelors,44800,78800,44
513,Forestry Management,Bachelors,48600,78700,71
513,Radio/Television & Film Production,Bachelors,45700,78700,39
515,Hospital Management,Bachelors,53200,78600,45
516,Human Resources Management (HRM),Bachelors,47900,78500,55
517,Marine Science,Bachelors,46100,78400,64
518,American Sign Language Interpreting,Bachelors,43100,78300,87
518,English & History,Bachelors,45700,78300,49
518,English Language,Bachelors,44600,78300,45
521,Cytotechnology,Bachelors,61900,78200,89
521,Geosciences,Bachelors,48700,78200,62
521,Hospital Administration,Bachelors,51200,78200,57
524,Film Production,Bachelors,44600,78100,33
524,Marine Biology,Bachelors,43300,78100,66
526,Zoology,Bachelors,42100,77900,67
527,Communication Design,Bachelors,51700,77800,34
528,Leadership,Bachelors,47200,77500,57
528,Music Technology,Bachelors,44800,77500,39
528,Musicology,Bachelors,40000,77500,-
528,Technical Writing,Bachelors,53300,77500,42
532,Agricultural Communication,Bachelors,44600,77400,52
532,Logistics Management,Bachelors,56300,77400,49
534,German Language & Literature,Bachelors,49400,77300,47
535,Administration,Bachelors,44600,77100,58
535,Apparel Merchandising,Bachelors,47600,77100,35
535,Computer Aided Drafting & Design (CADD),Bachelors,49100,77100,52
535,Organizational Leadership & Supervision,Bachelors,49600,77100,51
535,Printing Technology,Bachelors,46200,77100,-
535,Spanish Language,Bachelors,47700,77100,51
541,Multimedia,Bachelors,44700,77000,45
542,Spanish Language Teacher Education,Bachelors,45500,76900,73
542,Public Administration,Bachelors,46700,76900,57
542,Human Nutrition,Bachelors,48600,76900,85
545,Audio Engineering,Bachelors,48300,76800,39
545,Graphics Technology & Management,Bachelors,39500,76800,38
545,Physical Anthropology,Bachelors,52900,76800,51
548,Organizational Leadership,Bachelors,50500,76700,58
549,Environmental Health Science,Bachelors,53800,76600,61
549,Health Sciences,Bachelors,44600,76600,70
551,Journalism & Electronic Media,Bachelors,45200,76500,48
552,Religious Studies,Bachelors,43900,76300,55
553,Art History,Bachelors,46600,76200,45
553,Radiologic Science,Bachelors,57600,76200,81
555,3D Animation,Bachelors,51800,76000,42
556,Culture Studies,Bachelors,48100,75900,40
556,Merchandising,Bachelors,53100,75900,31
558,Administrative Management,Bachelors,52700,75800,50
558,Human Resources (HR),Bachelors,47300,75800,56
558,Liberal Arts,Bachelors,44500,75800,53
561,Adult Education & Training,Bachelors,48700,75600,79
561,Fashion Merchandising,Bachelors,46900,75600,29
561,Health & Fitness,Bachelors,39800,75600,67
564,Natural Resources,Bachelors,47400,75500,64
564,Organizational Management,Bachelors,48800,75500,57
566,Modern Languages,Bachelors,50300,75400,53
566,Natural Resource Management,Bachelors,46500,75400,60
566,Retail Management,Bachelors,50100,75400,35
566,Sociology & Anthropology,Bachelors,44500,75400,50
570,Creative Writing,Bachelors,45300,75200,41
571,Criminal Justice Administration,Bachelors,45700,75100,56
572,Ethnic Studies,Bachelors,47500,74900,63
572,Philosophy & Religious Studies,Bachelors,49300,74900,61
572,Radiology,Bachelors,54800,74900,80
575,Medical Laboratory Technology,Bachelors,56900,74400,82
575,Sports Management,Bachelors,45400,74400,43
577,Anthropology & English,Bachelors,48000,74300,-
577,Broadcast Communication,Bachelors,40000,74300,44
577,Criminology,Bachelors,44700,74300,54
577,Earth Science,Bachelors,50000,74300,48
577,Media & Technology,Bachelors,45200,74300,43
577,Visual Communications,Bachelors,45400,74300,38
583,Advertising & Graphic Design,Bachelors,46800,74200,37
583,Applied Behavior Analysis,Bachelors,38700,74200,81
583,Psychology,Bachelors,44700,74200,56
586,Applied Management,Bachelors,45500,74100,53
586,Hotel & Restaurant Management,Bachelors,47300,74100,48
588,Anthropology,Bachelors,46400,73900,46
589,Arts Management,Bachelors,39400,73800,48
589,Diagnostic Medical Imaging,Bachelors,60600,73800,73
591,Communication Arts,Bachelors,42400,73600,39
591,Middle Eastern Studies,Bachelors,57100,73600,48
591,Radiologic Technology,Bachelors,55200,73600,83
591,Painting & Printmaking,Bachelors,34700,73600,41
595,Cardiopulmonary Science,Bachelors,48900,73400,90
595,Human Relations,Bachelors,45000,73400,63
597,Humanities,Bachelors,48500,73200,49
598,Health Care Administration,Bachelors,45800,73100,69
599,Health Care Management,Bachelors,46700,73000,72
599,Life Sciences,Bachelors,53100,73000,64
601,Ecology,Bachelors,46400,72900,57
601,Media Arts,Bachelors,46500,72900,34
603,Respiratory Care,Bachelors,54800,72800,84
604,Art & Design,Bachelors,45100,72700,38
604,Health Information Management,Bachelors,49000,72700,69
604,Hospitality Management,Bachelors,46400,72700,43
607,Health Teacher Education,Bachelors,37900,72600,46
607,Sports Medicine,Bachelors,50100,72600,77
607,Multimedia & Web Design,Bachelors,50200,72600,34
610,Sociology,Bachelors,46200,72500,55
611,Liberal Studies,Bachelors,44300,72400,56
612,Interior Design,Bachelors,45100,72300,50
612,Medical Laboratory Science,Bachelors,55600,72300,85
612,Secondary Education,Bachelors,44600,72300,59
615,Child Psychology,Bachelors,38900,72200,64
615,Exercise Physiology,Bachelors,44100,72200,76
615,Radiography,Bachelors,55300,72200,85
618,Archaeology,Bachelors,45900,72100,46
618,Art Administration,Bachelors,40200,72100,56
618,Hotel & Restaurant Tourism,Bachelors,44300,72100,49
618,Illustration,Bachelors,45200,72100,36
622,Arts & Science,Bachelors,45700,71900,-
622,Health,Bachelors,44200,71900,73
622,Turfgrass Management,Bachelors,53100,71900,51
625,Animal Science & Management,Bachelors,44200,71800,55
626,SocialStudies,Bachelors,45800,71700,57
627,Human Resources Development,Bachelors,48600,71600,50
627,Speech Pathology & Audiology,Bachelors,44100,71600,78
629,Clinical Laboratory Science,Bachelors,55100,71500,83
629,Forensic Science,Bachelors,46000,71500,64
629,Health Administration,Bachelors,42700,71500,66
632,Geomatics,Bachelors,52300,71400,70
632,Media Communication,Bachelors,47000,71400,45
634,Health Management,Bachelors,45100,71300,-
634,Commercial Photography,Bachelors,43800,71300,23
636,Fashion Design & Marketing,Bachelors,45300,71100,44
636,Mass Media,Bachelors,40300,71100,49
638,Medical Technology,Bachelors,56500,71000,81
639,Respiratory Therapy,Bachelors,54500,70900,82
640,Theater,Bachelors,44600,70700,50
641,Forensic Psychology,Bachelors,43000,70600,54
641,Kinesiology,Bachelors,44800,70600,66
643,Performing Arts,Bachelors,45700,70500,57
643,Psychology & Social Behavior,Bachelors,45800,70500,59
643,Religion,Bachelors,44400,70500,59
643,Radio & Television,Bachelors,43100,70500,41
647,Technology Teacher Education,Bachelors,47700,70400,57
648,Educational Studies (ED),Bachelors,40300,70200,65
648,Music,Bachelors,44300,70200,55
648,Business Leadership,Bachelors,50100,70200,45
651,Drafting & Design,Bachelors,51000,70100,69
651,Plant Sciences,Bachelors,48000,70100,60
653,Criminal Justice,Bachelors,42800,69800,56
653,Web Design,Bachelors,49900,69800,25
655,Graphic Design,Bachelors,45100,69700,37
656,Nutrition,Bachelors,48100,69600,65
656,Nutrition & Dietetics,Bachelors,50800,69600,72
658,Missions,Bachelors,41300,69500,-
659,Dramatic Art,Bachelors,41400,69400,-
660,Fashion Marketing & Management,Bachelors,47700,69100,30
661,Interdisciplinary Studies (IS),Bachelors,44600,68900,56
662,Hospitality & Tourism,Bachelors,44200,68800,41
662,Human Ecology,Bachelors,42100,68800,54
662,Ornamental Horticulture,Bachelors,46000,68800,69
662,Physical Therapist Assistant Studies,Bachelors,49900,68800,85
662,Public Health (PH),Bachelors,46000,68800,69
667,Art Therapy,Bachelors,41100,68600,80
667,Dietetics,Bachelors,51300,68600,74
667,Landscape Management,Bachelors,52300,68600,-
670,Applied Sociology,Bachelors,42200,68500,57
670,Fine Arts,Bachelors,43200,68500,44
670,Modern Language Spanish,Bachelors,43800,68500,52
670,Women's Studies,Bachelors,45200,68500,59
670,Social & Criminal Justice,Bachelors,44800,68500,59
675,Animal Science,Bachelors,41200,68300,64
675,New Media,Bachelors,46000,68300,33
675,Textiles & Clothing,Bachelors,45100,68300,47
678,Event Management,Bachelors,41700,68200,40
679,Family & Consumer Science,Bachelors,42600,68000,59
680,Speech-Language Pathology,Bachelors,44100,67900,70
681,Technical Theatre,Bachelors,41000,67600,42
682,Education,Bachelors,44100,67500,65
682,Foods & Nutrition,Bachelors,47000,67500,68
682,Recreation Management,Bachelors,42300,67500,58
685,Business & Healthcare Management,Bachelors,46900,67300,69
686,Agricultural Teacher Education,Bachelors,53500,67100,-
687,Music Composition,Bachelors,44000,66900,51
688,Art,Bachelors,43400,66700,46
688,Psychology & Sociology,Bachelors,42800,66700,53
690,Drawing & Painting,Bachelors,42800,66600,48
691,Nonprofit Management,Bachelors,42300,66300,79
692,Small Business Management,Bachelors,47100,66200,38
693,Behavioral Science,Bachelors,43000,66000,62
694,Horticulture & Agronomy,Bachelors,52500,65900,-
695,Health Services Administration,Bachelors,42700,65800,63
695,Multidisciplinary Studies,Bachelors,41800,65800,53
695,Restaurant & Food Service Management,Bachelors,43900,65800,45
698,Consumer Affairs,Bachelors,51000,65700,43
699,Training and Development,Bachelors,52600,65600,-
699,Health & Exercise Science,Bachelors,41700,65600,67
699,Electronic Media,Bachelors,45300,65600,37
702,Environmental Resource Management,Bachelors,48700,65500,65
703,Theatre Arts,Bachelors,43500,65300,51
704,Applied Linguistics,Bachelors,46800,65200,44
705,African American & African Studies,Bachelors,46400,65100,60
705,Exercise & Sports Science,Bachelors,42600,65100,70
705,General Studies,Bachelors,43600,65100,52
705,Justice Studies,Bachelors,45300,65100,50
705,Video Production,Bachelors,42800,65100,33
710,Graphic Arts,Bachelors,42700,64900,41
710,Physical Education Teaching,Bachelors,42200,64900,69
712,Health Services Management,Bachelors,41600,64800,83
712,Physical Education & Exercise Science,Bachelors,44100,64800,72
712,Drawing,Bachelors,37400,64800,39
715,Exercise Science,Bachelors,41400,64700,73
716,Printmaking,Bachelors,38400,64300,40
716,Sports Administration,Bachelors,43300,64300,47
716,Theology,Bachelors,42800,64300,68
719,Interior Design & Merchandising,Bachelors,43700,64200,37
719,Recreation & Leisure Studies,Bachelors,40300,64200,60
721,Human Development,Bachelors,43700,64100,64
721,Music Industry,Bachelors,45800,64100,38
721,Wildlife Management,Bachelors,39700,64100,49
721,Supervision & Management,Bachelors,41700,64100,57
725,Health & Wellness,Bachelors,40100,64000,70
725,Culinary Arts & Food Service Management,Bachelors,41300,64000,50
725,Mortuary Science,Bachelors,43500,64000,85
728,Clinical Psychology,Bachelors,43000,63900,65
728,Community Health Education,Bachelors,42600,63900,75
728,Dance,Bachelors,45100,63900,62
731,Speech Pathology,Bachelors,42800,63700,69
732,Gender Studies,Bachelors,45500,63600,55
732,Secondary English Teacher Education,Bachelors,42000,63600,64
734,Photography,Bachelors,43800,63500,38
735,English Teacher Education,Bachelors,43300,63100,57
735,Paralegal Studies,Bachelors,39600,63100,50
735,Social Studies Teacher Education,Bachelors,43400,63100,65
738,Teaching English as a Second Language (ESL),Bachelors,42800,63000,73
738,Music Teacher Education,Bachelors,42000,63000,62
740,Health Promotion,Bachelors,42300,62800,69
740,Recording Arts,Bachelors,44800,62800,48
742,Photojournalism,Bachelors,41900,62600,59
743,Recreation Administration,Bachelors,47000,62500,71
744,Radio Broadcasting,Bachelors,46300,62400,33
745,Sculpture,Bachelors,40300,62200,47
746,Painting,Bachelors,40700,62000,44
746,Psychology & Social Sciences,Bachelors,42600,62000,68
748,Health & Physical Education Teaching,Bachelors,38700,61900,65
749,Organizational Administration,Bachelors,45000,61800,-
750,Tourism Management,Bachelors,43100,61600,38
750,Instrumental Music Teacher Education,Bachelors,41700,61600,65
752,Emergency Medical Services (EMS),Bachelors,44200,61400,-
753,Community Health,Bachelors,45400,61300,72
754,Health & Human Performance,Bachelors,38100,61100,68
755,Music Therapy,Bachelors,43100,60700,93
756,Social Services,Bachelors,39900,60500,82
757,Rehabilitation Services,Bachelors,35800,60200,79
758,Horticulture,Bachelors,43000,60100,59
759,University Studies,Bachelors,42400,60000,49
760,Church Ministries,Bachelors,40000,59900,79
761,Communicative Disorders,Bachelors,47400,59800,73
761,Social Science Teacher Education,Bachelors,45400,59800,-
761,Wildlife Biology,Bachelors,42900,59800,60
764,Community Development,Bachelors,44600,59400,63
764,Psychology & Human Services,Bachelors,35600,59400,-
766,Athletic Training,Bachelors,42100,59300,75
767,Biblical Studies,Bachelors,40500,59000,72
768,Biblical Studies & Practical Ministries,Bachelors,36400,58900,76
768,Counseling Psychology,Bachelors,42700,58900,64
768,Recreational Studies,Bachelors,42100,58900,69
768,Teaching,Bachelors,42000,58900,72
772,Home Economics,Bachelors,41800,58700,69
772,Library & Information Science,Bachelors,48200,58700,48
774,Human Development & Family Studies,Bachelors,40300,58600,66
774,Tourism & Travel,Bachelors,42200,58600,43
776,Landscape Design,Bachelors,49000,58500,63
777,Ceramics,Bachelors,42200,58300,51
777,Clinical Social Work (CSW),Bachelors,43500,58300,-
777,Parks & Recreation Management,Bachelors,42700,58300,56
780,Pastoral Ministry,Bachelors,38700,58000,83
780,Vocal Performance,Bachelors,42600,58000,65
782,Art Teacher Education,Bachelors,40300,57500,62
782,Bible Studies & Theology,Bachelors,40000,57500,67
784,Forensic Accounting,Bachelors,48300,57200,48
785,Communication Sciences & Disorders,Bachelors,43300,57100,76
785,Legal Assistant Studies,Bachelors,38100,57100,38
787,Special Education,Bachelors,41300,57000,76
788,Conservation Biology,Bachelors,42800,56900,57
789,Family Studies,Bachelors,39200,56800,68
790,Christian Ministry,Bachelors,38100,56400,79
790,Speech & Hearing,Bachelors,43300,56400,76
792,Health and Human Services,Bachelors,43500,56300,65
793,Musical Theatre,Bachelors,43500,56100,50
794,History Teacher Education,Bachelors,47700,55600,46
795,Developmental Psychology,Bachelors,38200,55000,-
796,Therapeutic Recreation,Bachelors,39500,54900,82
797,Applied Behavioral Science,Bachelors,40500,54600,50
797,Community & Human Services,Bachelors,42400,54600,80
797,Social Work (SW),Bachelors,38600,54600,76
800,Office Administration,Bachelors,38700,54500,65
801,Ministry,Bachelors,36700,54300,81
801,Family & Community Services,Bachelors,42200,54300,74
803,Youth Ministry,Bachelors,37400,54200,76
804,Elementary Education,Bachelors,40000,53800,69
805,Voice & Opera,Bachelors,34500,53300,57
806,Christian Education,Bachelors,38700,53200,82
806,Conflict Resolution,Bachelors,44400,53200,50
808,Baking & Pastry Arts,Bachelors,37500,53000,44
808,Human Services Management,Bachelors,45600,53000,-
810,Hospitality & The Culinary Arts,Bachelors,38800,52900,-
811,Human Services (HS),Bachelors,38700,52500,71
812,Counseling,Bachelors,39900,51700,78
813,Recreational Therapy,Bachelors,38400,51600,84
814,Child Development,Bachelors,37400,51400,73
815,Educational Psychology,Bachelors,36900,51200,-
816,Middle School Education,Bachelors,41200,50800,73
817,Mental Health Counseling,Bachelors,36100,50000,78
818,Early Childhood & Elementary Education,Bachelors,38000,48400,77
819,Equine Studies,Bachelors,35700,47100,50
820,Addiction Studies,Bachelors,38000,47000,84
821,Child & Family Studies,Bachelors,36400,46500,73
822,Rehabilitation Counseling,Bachelors,39200,46400,-
823,Outdoor Education,Bachelors,37400,46300,52
824,Early Childhood Education,Bachelors,36100,45400,78
825,Mental Health,Bachelors,36900,45000,-
826,Medical Assisting,Bachelors,36000,44800,-
827,Metalsmithing,Bachelors,40000,40300,33
